EmployeeID,DOB,FirstName,LastName,Email,SecondaryID,Random
I2F9J9NBQLC16Q8B,2019-12-20,Zachariah,Joy,sergio.paterson@hotmail.com,b83098ab50ca4af3a5ab1101d35b09a7,0
BSZVXEC0QUGJCNOF,1997-07-23,Randal,Delatorre,graham_apodaca69347@hotmail.com,4dec238f619a40afa79129a3f38b8502,8
BSZVXEC0QUGJCNOF,1997-07-23,Randal,Delatorre,graham_apodaca69347@hotmail.com,4dec238f619a40afa79129a3f38b8502,8
BSZVXEC0QUGJCNOF,1997-07-23,Randal,Delatorre,graham_apodaca69347@hotmail.com,4dec238f619a40afa79129a3f38b8502,8
BSZVXEC0QUGJCNOF,1997-07-23,Randal,Delatorre,graham_apodaca69347@hotmail.com,4dec238f619a40afa79129a3f38b8502,8
82N6NT34HA46N84R,1999-08-09,Kaye,Glaze,debbi.lennon@orientation.es.gov.br,205267c3c1d84594b497c7c0fc816562,5
CF1EJHXIOKUGP429,1987-08-31,Cecelia,Moreno,nell_atkins@hotmail.com,b8dad7c9d5ec4afd9d44d9c72e1423c9,0
MSVDZFPD1Q82HLXQ,2014-03-10,Ranee,Oneill,jameyyocum@fewer.com,a9ba8630bd974bafa1c96e6838e7dc5f,4
M2HV5QNMQU12EP6X,1982-03-27,Rema,Thiel,keven84@throwing.lviv.ua,56852ae4200243feb819e737d875cc55,7
M2HV5QNMQU12EP6X,1982-03-27,Rema,Thiel,keven84@throwing.lviv.ua,56852ae4200243feb819e737d875cc55,7
M2HV5QNMQU12EP6X,1982-03-27,Rema,Thiel,keven84@throwing.lviv.ua,56852ae4200243feb819e737d875cc55,7
M2HV5QNMQU12EP6X,1982-03-27,Rema,Thiel,keven84@throwing.lviv.ua,56852ae4200243feb819e737d875cc55,7
RZPTQNYG9I7ABL73,2017-02-13,Kathyrn,Baca,walter.johnston089@tax.com,5fcfa9ad0c47403ebcf8ac562b120b0d,7
RZPTQNYG9I7ABL73,2017-02-13,Kathyrn,Baca,walter.johnston089@tax.com,5fcfa9ad0c47403ebcf8ac562b120b0d,7
RZPTQNYG9I7ABL73,2017-02-13,Kathyrn,Baca,walter.johnston089@tax.com,5fcfa9ad0c47403ebcf8ac562b120b0d,7
RZPTQNYG9I7ABL73,2017-02-13,Kathyrn,Baca,walter.johnston089@tax.com,5fcfa9ad0c47403ebcf8ac562b120b0d,7
2FO5151X3VSZZPQG,2015-05-21,Shonda,Mcfadden,simon-coleman8@members.com,7aa2c70027a44998a92aa488adfe6d60,5
BG2B3QXSVGKXQ2RY,1990-07-16,Maia,Floyd,irena.ivy5255@gmail.com,5fa696059255449c8b8d5595af32ec19,4
OPARYNRMNGIGE11G,1995-09-17,Lucius,Kitchens,erwinsamson@yahoo.com,ba2c7eb8f00e43d1ac22ddadba1f8d16,2
VRL10LDTZ921J95X,2000-10-02,Deandra,Gaddy,hae-mcafee5205@hotmail.com,6c700486b9e0497196fb3b2f1b74782b,1
YTLBEY260BBLKURX,1970-09-10,Alonso,Fraser,stephenie_york32@yahoo.com,df27265a9f904c8c81d1807c6432cc5d,3
CX96J4SVJQAKFAYD,2003-03-11,Emil,Bills,leilani4453@yahoo.com,7cd4a53d61b54caf85777e1f31482b3a,1
3Z27DGSMQQG93ONR,2008-09-13,Damien,Sandlin,timika_serna69455@revision.com,6e6b50d480f140d5adb4e6559035965e,7
3Z27DGSMQQG93ONR,2008-09-13,Damien,Sandlin,timika_serna69455@revision.com,6e6b50d480f140d5adb4e6559035965e,7
3Z27DGSMQQG93ONR,2008-09-13,Damien,Sandlin,timika_serna69455@revision.com,6e6b50d480f140d5adb4e6559035965e,7
3Z27DGSMQQG93ONR,2008-09-13,Damien,Sandlin,timika_serna69455@revision.com,6e6b50d480f140d5adb4e6559035965e,7
GH2Z75D82RSQSQY4,1978-11-23,Valorie,Bartley,obdulia-connolly66@vol.com,facc546410c3472ebc9c85837103be0d,4
74Y9E0VJL91PIISZ,2014-07-19,Joshua,Stansberry,joannconklin@gmail.com,9d38f9d2168c458cb6e7a1b8c5504508,5
JO42D007RRTR63H3,2019-07-21,Breanne,Thames,rosanna_fusco2717@shade.com,efbb455b2a8646e99fec651faf7ef814,7
JO42D007RRTR63H3,2019-07-21,Breanne,Thames,rosanna_fusco2717@shade.com,efbb455b2a8646e99fec651faf7ef814,7
JO42D007RRTR63H3,2019-07-21,Breanne,Thames,rosanna_fusco2717@shade.com,efbb455b2a8646e99fec651faf7ef814,7
JO42D007RRTR63H3,2019-07-21,Breanne,Thames,rosanna_fusco2717@shade.com,efbb455b2a8646e99fec651faf7ef814,7
V5DNQUU7JC39TV60,2020-12-09,Carolyne,Whitmore,keshia-oquendo49136@hotmail.com,e9659e29953c4731bb1905437f18df36,6
V5DNQUU7JC39TV60,2020-12-09,Carolyne,Whitmore,keshia-oquendo49136@hotmail.com,e9659e29953c4731bb1905437f18df36,6
V5DNQUU7JC39TV60,2020-12-09,Carolyne,Whitmore,keshia-oquendo49136@hotmail.com,e9659e29953c4731bb1905437f18df36,6
V5DNQUU7JC39TV60,2020-12-09,Carolyne,Whitmore,keshia-oquendo49136@hotmail.com,e9659e29953c4731bb1905437f18df36,6
KUVP82Z5QOMFQVF0,2010-03-21,Jeannie,Gaytan,fabian_hamm@plans.com,a6cfc5f92a7d462aa80d3e603b7328ea,2
FX81ZKK4ZI1VKHQR,2013-06-23,Norberto,Nickel,yahaira.galbraith@gmail.com,9eb69863af9a4c448644dc9b853b01a6,9
FX81ZKK4ZI1VKHQR,2013-06-23,Norberto,Nickel,yahaira.galbraith@gmail.com,9eb69863af9a4c448644dc9b853b01a6,9
FX81ZKK4ZI1VKHQR,2013-06-23,Norberto,Nickel,yahaira.galbraith@gmail.com,9eb69863af9a4c448644dc9b853b01a6,9
FX81ZKK4ZI1VKHQR,2013-06-23,Norberto,Nickel,yahaira.galbraith@gmail.com,9eb69863af9a4c448644dc9b853b01a6,9
3HMAUAJSUCEYYP23,1972-04-28,Lajuana,Krieger,carmendill@ultimate.com,68f9d4624dcd415a954ad57b5b0d5315,7
3HMAUAJSUCEYYP23,1972-04-28,Lajuana,Krieger,carmendill@ultimate.com,68f9d4624dcd415a954ad57b5b0d5315,7
3HMAUAJSUCEYYP23,1972-04-28,Lajuana,Krieger,carmendill@ultimate.com,68f9d4624dcd415a954ad57b5b0d5315,7
3HMAUAJSUCEYYP23,1972-04-28,Lajuana,Krieger,carmendill@ultimate.com,68f9d4624dcd415a954ad57b5b0d5315,7
ZOOH2FFZOFDU580K,1994-08-13,Arielle,Maldonado,chris52@gmail.com,1d60d43e3e374efc965302acee2f6532,3
PKRO8PE80X898SKH,2020-06-27,Lynna,Joe,gus.keyes019@follow.com,ced91bba32874fc48de70f22c05bf7f1,5
GZGRGFOEAMT3FR5M,1997-03-07,Dakota,Trout,star.council8@hotmail.com,acbb043fba2c4e6481b969572039e9c8,5
PU0PCLNCG0A02BE0,2003-09-18,Chance,Hatchett-Clapp,su.fite2@letter.com,bc7e1ce51e7e4feeba5f00513cf65d39,9
PU0PCLNCG0A02BE0,2003-09-18,Chance,Hatchett-Clapp,su.fite2@letter.com,bc7e1ce51e7e4feeba5f00513cf65d39,9
PU0PCLNCG0A02BE0,2003-09-18,Chance,Hatchett-Clapp,su.fite2@letter.com,bc7e1ce51e7e4feeba5f00513cf65d39,9
PU0PCLNCG0A02BE0,2003-09-18,Chance,Hatchett-Clapp,su.fite2@letter.com,bc7e1ce51e7e4feeba5f00513cf65d39,9
HKDOQLBZZ40QMY8Q,1984-08-27,Florida,Templeton,agueda.lau@parties.com,fa5b8b3cc0544f21a962e2c2fe35b779,7
HKDOQLBZZ40QMY8Q,1984-08-27,Florida,Templeton,agueda.lau@parties.com,fa5b8b3cc0544f21a962e2c2fe35b779,7
HKDOQLBZZ40QMY8Q,1984-08-27,Florida,Templeton,agueda.lau@parties.com,fa5b8b3cc0544f21a962e2c2fe35b779,7
HKDOQLBZZ40QMY8Q,1984-08-27,Florida,Templeton,agueda.lau@parties.com,fa5b8b3cc0544f21a962e2c2fe35b779,7
9XAIFC7DDIGFO4DC,2019-11-05,Jacob,Mcqueen,elsa-kimbrell831@hotmail.com,61309607ff6941658831ae26a2d7998a,1
IN1KBF1YYYTMMZDQ,1992-09-08,Keena,Mosher,mckinley.bowen4@houston.com,5dab64d541d449d387cf5cc2d388479f,6
IN1KBF1YYYTMMZDQ,1992-09-08,Keena,Mosher,mckinley.bowen4@houston.com,5dab64d541d449d387cf5cc2d388479f,6
IN1KBF1YYYTMMZDQ,1992-09-08,Keena,Mosher,mckinley.bowen4@houston.com,5dab64d541d449d387cf5cc2d388479f,6
IN1KBF1YYYTMMZDQ,1992-09-08,Keena,Mosher,mckinley.bowen4@houston.com,5dab64d541d449d387cf5cc2d388479f,6
YMUFQHB8N2PU8JCH,1974-05-20,Annabelle,Styles,veronika383@travelers.com,e14066583f784522b53cafa7751cf068,2
4YE14CL2TA3291L1,1973-10-28,Adrianne,Thurman,wilbur83@standard.com,ee9b97cc36094ad889bc8d2a109074c2,6
4YE14CL2TA3291L1,1973-10-28,Adrianne,Thurman,wilbur83@standard.com,ee9b97cc36094ad889bc8d2a109074c2,6
4YE14CL2TA3291L1,1973-10-28,Adrianne,Thurman,wilbur83@standard.com,ee9b97cc36094ad889bc8d2a109074c2,6
4YE14CL2TA3291L1,1973-10-28,Adrianne,Thurman,wilbur83@standard.com,ee9b97cc36094ad889bc8d2a109074c2,6
KZQXQU7O01G9MEZ0,1986-06-07,Meg,Pearsall,sherikapearl7@hotmail.com,0704c759fdb548219e544e7e2eddc6b3,10
KZQXQU7O01G9MEZ0,1986-06-07,Meg,Pearsall,sherikapearl7@hotmail.com,0704c759fdb548219e544e7e2eddc6b3,10
KZQXQU7O01G9MEZ0,1986-06-07,Meg,Pearsall,sherikapearl7@hotmail.com,0704c759fdb548219e544e7e2eddc6b3,10
KZQXQU7O01G9MEZ0,1986-06-07,Meg,Pearsall,sherikapearl7@hotmail.com,0704c759fdb548219e544e7e2eddc6b3,10
QYRXJLS7OUQKAOIG,2009-07-30,Dede,Peak,len33@yahoo.com,f3c71e3d549f4ca087154ee52c549eb1,2
BBANFOJHIHH1LRRC,1998-07-23,Danelle,Boudreaux,sarah703@contacting.com,f2325294dc48489eaf7ef0e5489b6baf,5
TASLQSZTZ2N2Y4OT,1984-09-19,Casandra,Harper,drusillaelliott@yahoo.com,3e9bc269a6934e02abbf4cb032b9b1b6,5
3DO3QJAA43BNUTQJ,1987-07-23,Sharda,Minnick,lavonne_olson2@hotmail.com,a8c7510bf0654bce8241522b943fda7c,0
B8Z9IJPGCJQCPYKM,1976-07-21,Tammera,Staton,derek_overstreet659@developers.eng.pro,51c6114170724cc08866421ed7be5f1a,7
B8Z9IJPGCJQCPYKM,1976-07-21,Tammera,Staton,derek_overstreet659@developers.eng.pro,51c6114170724cc08866421ed7be5f1a,7
B8Z9IJPGCJQCPYKM,1976-07-21,Tammera,Staton,derek_overstreet659@developers.eng.pro,51c6114170724cc08866421ed7be5f1a,7
B8Z9IJPGCJQCPYKM,1976-07-21,Tammera,Staton,derek_overstreet659@developers.eng.pro,51c6114170724cc08866421ed7be5f1a,7
23FCGCCXZEBCVK3J,2017-12-26,Annelle,Roman,terry.vance294@trainer.icu,b9a4b7e788ed4501aa296a4a3a1ba4d7,9
23FCGCCXZEBCVK3J,2017-12-26,Annelle,Roman,terry.vance294@trainer.icu,b9a4b7e788ed4501aa296a4a3a1ba4d7,9
23FCGCCXZEBCVK3J,2017-12-26,Annelle,Roman,terry.vance294@trainer.icu,b9a4b7e788ed4501aa296a4a3a1ba4d7,9
23FCGCCXZEBCVK3J,2017-12-26,Annelle,Roman,terry.vance294@trainer.icu,b9a4b7e788ed4501aa296a4a3a1ba4d7,9
HUNNTIT24NL8OR8K,2011-06-23,Laveta,Fortner,maryjanecherry@yahoo.com,237f698f278f4e0e92259b11e717171b,2
4ZYVPTQERBFJGP8H,1987-06-14,Tomoko,Vance,lee_connelly05077@trap.com,631a6670da414be48f8881b6e36d5d5a,7
4ZYVPTQERBFJGP8H,1987-06-14,Tomoko,Vance,lee_connelly05077@trap.com,631a6670da414be48f8881b6e36d5d5a,7
4ZYVPTQERBFJGP8H,1987-06-14,Tomoko,Vance,lee_connelly05077@trap.com,631a6670da414be48f8881b6e36d5d5a,7
4ZYVPTQERBFJGP8H,1987-06-14,Tomoko,Vance,lee_connelly05077@trap.com,631a6670da414be48f8881b6e36d5d5a,7
4TABBIK22PBEMUEE,1973-06-20,Aline,Bernard,natividad.francois@details.com,ac90f27af8794290810da7fd4f117a36,9
4TABBIK22PBEMUEE,1973-06-20,Aline,Bernard,natividad.francois@details.com,ac90f27af8794290810da7fd4f117a36,9
4TABBIK22PBEMUEE,1973-06-20,Aline,Bernard,natividad.francois@details.com,ac90f27af8794290810da7fd4f117a36,9
4TABBIK22PBEMUEE,1973-06-20,Aline,Bernard,natividad.francois@details.com,ac90f27af8794290810da7fd4f117a36,9
14TKRCOSKNYHK4PT,1984-12-31,Ashely,Bannister,verda_styles68196@bulk.com,ffe94a7b25b842ddb857afd919664e9e,7
14TKRCOSKNYHK4PT,1984-12-31,Ashely,Bannister,verda_styles68196@bulk.com,ffe94a7b25b842ddb857afd919664e9e,7
14TKRCOSKNYHK4PT,1984-12-31,Ashely,Bannister,verda_styles68196@bulk.com,ffe94a7b25b842ddb857afd919664e9e,7
14TKRCOSKNYHK4PT,1984-12-31,Ashely,Bannister,verda_styles68196@bulk.com,ffe94a7b25b842ddb857afd919664e9e,7
3QX4FUA8LUXQH335,2018-09-15,Yu,Aguayo,kenethgresham0106@yahoo.com,c15b565ca3c246c08ff19b9593727c10,10
3QX4FUA8LUXQH335,2018-09-15,Yu,Aguayo,kenethgresham0106@yahoo.com,c15b565ca3c246c08ff19b9593727c10,10
3QX4FUA8LUXQH335,2018-09-15,Yu,Aguayo,kenethgresham0106@yahoo.com,c15b565ca3c246c08ff19b9593727c10,10
3QX4FUA8LUXQH335,2018-09-15,Yu,Aguayo,kenethgresham0106@yahoo.com,c15b565ca3c246c08ff19b9593727c10,10
PALX3LG8H6QPE59X,1985-07-20,Raguel,Pack,darius311@gmail.com,c3cf770a01404af297cbda36184a4191,8
PALX3LG8H6QPE59X,1985-07-20,Raguel,Pack,darius311@gmail.com,c3cf770a01404af297cbda36184a4191,8
PALX3LG8H6QPE59X,1985-07-20,Raguel,Pack,darius311@gmail.com,c3cf770a01404af297cbda36184a4191,8
PALX3LG8H6QPE59X,1985-07-20,Raguel,Pack,darius311@gmail.com,c3cf770a01404af297cbda36184a4191,8
8ZQ2BJQS4KRSQCVD,1994-01-20,Sabrina,Kelsey,neomi_satterfield473@caroline.com,3a556d84ecd04556857d6a4fd3943a97,0
QKY6GDR4C0XRO81V,1975-07-16,Darwin,Bowden,damarisleblanc8290@ad.com,16b93087705748119e7d4e0da775591c,4
Y6APQZTYAKCHQDA3,1988-05-03,Cecilia,Sparks,kalavoss@sunshine.pl.ua,5ac07f165cf14786a4e3091db03863bc,9
Y6APQZTYAKCHQDA3,1988-05-03,Cecilia,Sparks,kalavoss@sunshine.pl.ua,5ac07f165cf14786a4e3091db03863bc,9
Y6APQZTYAKCHQDA3,1988-05-03,Cecilia,Sparks,kalavoss@sunshine.pl.ua,5ac07f165cf14786a4e3091db03863bc,9
Y6APQZTYAKCHQDA3,1988-05-03,Cecilia,Sparks,kalavoss@sunshine.pl.ua,5ac07f165cf14786a4e3091db03863bc,9
LR4D9AUO3ABO8MZP,1992-12-17,Ria,Floyd,winnifred.gass@hotmail.com,6f701f0ce5164257a937d0dea96a1ca9,1
BAV4F4BS70U6FBNX,1987-09-28,Lawana,Clapp,sheilahjansen@yahoo.com,34ac4967381141728bfe4a29342c76f0,1
407SOCVB902QFESI,2003-11-13,Vena,Bruno,margeret694@yahoo.com,470cda443958465eb98be959fed3a635,2
FV29102IS3AFFPTQ,1986-02-03,Ethelene,Getz,eugenia.pearsall@gmail.com,8318cf0deb93477da5f083341f8b6175,9
FV29102IS3AFFPTQ,1986-02-03,Ethelene,Getz,eugenia.pearsall@gmail.com,8318cf0deb93477da5f083341f8b6175,9
FV29102IS3AFFPTQ,1986-02-03,Ethelene,Getz,eugenia.pearsall@gmail.com,8318cf0deb93477da5f083341f8b6175,9
FV29102IS3AFFPTQ,1986-02-03,Ethelene,Getz,eugenia.pearsall@gmail.com,8318cf0deb93477da5f083341f8b6175,9
2JL7BHROJ844GSOZ,1977-07-04,Tonia,Hollingsworth,dorathy63@providence.com,2f1bcc3acd99424ca49a9da905f3f4c7,5
RQI4TFY0DY0TU579,1987-12-22,Iris,Merritt,leonore-sloan19526@med.com,9fb582b9046f49649e87f1370a6f34f2,5
Q6LTQ96N9RZKFDXU,2017-08-27,Emilee,Hundley,annie.hutcheson0@because.com,e82f9c0c019c487aa7776abd247b46bc,9
Q6LTQ96N9RZKFDXU,2017-08-27,Emilee,Hundley,annie.hutcheson0@because.com,e82f9c0c019c487aa7776abd247b46bc,9
Q6LTQ96N9RZKFDXU,2017-08-27,Emilee,Hundley,annie.hutcheson0@because.com,e82f9c0c019c487aa7776abd247b46bc,9
Q6LTQ96N9RZKFDXU,2017-08-27,Emilee,Hundley,annie.hutcheson0@because.com,e82f9c0c019c487aa7776abd247b46bc,9
10B7IPAHUJGI5194,1997-06-29,Linette,Henning,cleta_weber2@gmail.com,c5da2c41aa8c45e493008f43c2ff1564,1
57YZ687JI7UZS51Z,1981-08-14,Lavonna,Gilliland,dulcieneedham@equity.com,fefe2fd96e164160941a6f09ad69db03,8
57YZ687JI7UZS51Z,1981-08-14,Lavonna,Gilliland,dulcieneedham@equity.com,fefe2fd96e164160941a6f09ad69db03,8
57YZ687JI7UZS51Z,1981-08-14,Lavonna,Gilliland,dulcieneedham@equity.com,fefe2fd96e164160941a6f09ad69db03,8
57YZ687JI7UZS51Z,1981-08-14,Lavonna,Gilliland,dulcieneedham@equity.com,fefe2fd96e164160941a6f09ad69db03,8
H1Q86XR65OXBPKYV,1979-08-08,Dorsey,Early,marline5605@closely.com,8b3f88b57c214303b4284f0b3616e179,3
CRVD2D8QB1DBQEYD,2011-04-02,Wade,Chu,tamar_redmon8945@hotmail.com,1a74a1e3adf643f199d23a67010ede63,6
CRVD2D8QB1DBQEYD,2011-04-02,Wade,Chu,tamar_redmon8945@hotmail.com,1a74a1e3adf643f199d23a67010ede63,6
CRVD2D8QB1DBQEYD,2011-04-02,Wade,Chu,tamar_redmon8945@hotmail.com,1a74a1e3adf643f199d23a67010ede63,6
CRVD2D8QB1DBQEYD,2011-04-02,Wade,Chu,tamar_redmon8945@hotmail.com,1a74a1e3adf643f199d23a67010ede63,6
VU9ZQDNL7M4BQAGY,1974-09-18,Ima,Everett,jenny3@spies.c.cdn77.org,70f924e1bc9b4b6394358315029fcb52,1
913HTDSDSHZV74G6,1970-01-25,Angie,Hardee,phyllis.brady6613@yahoo.com,ae4784bb7598442897793b1645a86782,5
J9DLJAQAF2143K0Q,1977-11-07,Angelika,Parish,hilaria_bowler@alike.com,5a7a9643ddb642cfaaebf491b85c4749,5
Y6QFUQBGD9LQAI5B,2018-03-30,Alfonzo,Soriano,kanisha67@hotmail.com,289b86c6b96245e0be3d10aa58f55e7f,10
Y6QFUQBGD9LQAI5B,2018-03-30,Alfonzo,Soriano,kanisha67@hotmail.com,289b86c6b96245e0be3d10aa58f55e7f,10
Y6QFUQBGD9LQAI5B,2018-03-30,Alfonzo,Soriano,kanisha67@hotmail.com,289b86c6b96245e0be3d10aa58f55e7f,10
Y6QFUQBGD9LQAI5B,2018-03-30,Alfonzo,Soriano,kanisha67@hotmail.com,289b86c6b96245e0be3d10aa58f55e7f,10
H7JFXC1M6166LS0Z,1991-06-16,Cayla,Glover,coreen6@signals.is-not-certified.com,1f125b16c6a04adeba7bdf269c800a94,7
H7JFXC1M6166LS0Z,1991-06-16,Cayla,Glover,coreen6@signals.is-not-certified.com,1f125b16c6a04adeba7bdf269c800a94,7
H7JFXC1M6166LS0Z,1991-06-16,Cayla,Glover,coreen6@signals.is-not-certified.com,1f125b16c6a04adeba7bdf269c800a94,7
H7JFXC1M6166LS0Z,1991-06-16,Cayla,Glover,coreen6@signals.is-not-certified.com,1f125b16c6a04adeba7bdf269c800a94,7
7SKKOI1QZRBMTOJU,1977-03-31,Yasmin,Aquino,chantel07@dictionary.zone.id,bf7eb12a9125447cab6d9efb99bf386a,9
7SKKOI1QZRBMTOJU,1977-03-31,Yasmin,Aquino,chantel07@dictionary.zone.id,bf7eb12a9125447cab6d9efb99bf386a,9
7SKKOI1QZRBMTOJU,1977-03-31,Yasmin,Aquino,chantel07@dictionary.zone.id,bf7eb12a9125447cab6d9efb99bf386a,9
7SKKOI1QZRBMTOJU,1977-03-31,Yasmin,Aquino,chantel07@dictionary.zone.id,bf7eb12a9125447cab6d9efb99bf386a,9
HSYBYHR3ZV7O4CXZ,2017-06-01,Russell,Paulson,lemuel1@deadly.com,3ba1dd575bac46ae8847559830812886,1
0H5L12C3CAESYD3E,1980-12-09,Leone,Barraza,dylan017@hotmail.com,4c29575cfe5b4fa8ac6a486f4884f8fd,5
18JBJZM29LLQZFU8,1980-05-21,Reiko,Tyson,ignacio.tyler@asbestos.com,0921f2b0018842128fdb85983a4f2da9,6
18JBJZM29LLQZFU8,1980-05-21,Reiko,Tyson,ignacio.tyler@asbestos.com,0921f2b0018842128fdb85983a4f2da9,6
18JBJZM29LLQZFU8,1980-05-21,Reiko,Tyson,ignacio.tyler@asbestos.com,0921f2b0018842128fdb85983a4f2da9,6
18JBJZM29LLQZFU8,1980-05-21,Reiko,Tyson,ignacio.tyler@asbestos.com,0921f2b0018842128fdb85983a4f2da9,6
QXYYEZ8ES2RSRXK6,1994-01-05,Deana,Burbank,dagmar9020@hotmail.com,1dd65c26b9474e15ae281473b8688ef5,5
QKCTRR5KHMQ9BNF3,1996-10-21,Estefana,Tinker,christian-palumbo@paste.com,25afd82ea18e430bb21ee16cbdb618c0,6
QKCTRR5KHMQ9BNF3,1996-10-21,Estefana,Tinker,christian-palumbo@paste.com,25afd82ea18e430bb21ee16cbdb618c0,6
QKCTRR5KHMQ9BNF3,1996-10-21,Estefana,Tinker,christian-palumbo@paste.com,25afd82ea18e430bb21ee16cbdb618c0,6
QKCTRR5KHMQ9BNF3,1996-10-21,Estefana,Tinker,christian-palumbo@paste.com,25afd82ea18e430bb21ee16cbdb618c0,6
TH8GP1G357PHSN6Q,1993-11-26,Rachel,Read,deloris_early869@reconstruction.certmgr.org,e5fac42615ed4872924af835afa8bf07,5
DPH1D28EM54LYTZO,1998-08-03,Jeanette,Hannah-Fuqua,elva-langer49@gmail.com,e282904d0a714630828fc7cc727aab13,4
HFPVN0CH8H4UGB8D,2006-04-04,Shena,Penn,setsuko.arnold26140@cooking.com,dd9a81e4168246f1be44a6596c748f3a,8
HFPVN0CH8H4UGB8D,2006-04-04,Shena,Penn,setsuko.arnold26140@cooking.com,dd9a81e4168246f1be44a6596c748f3a,8
HFPVN0CH8H4UGB8D,2006-04-04,Shena,Penn,setsuko.arnold26140@cooking.com,dd9a81e4168246f1be44a6596c748f3a,8
HFPVN0CH8H4UGB8D,2006-04-04,Shena,Penn,setsuko.arnold26140@cooking.com,dd9a81e4168246f1be44a6596c748f3a,8
HBECIYU1NHCL0LMP,2007-05-18,Emmy,Maggard,sterling19307@hotmail.com,44847bb22a494664976ff7e81a5a382f,8
HBECIYU1NHCL0LMP,2007-05-18,Emmy,Maggard,sterling19307@hotmail.com,44847bb22a494664976ff7e81a5a382f,8
HBECIYU1NHCL0LMP,2007-05-18,Emmy,Maggard,sterling19307@hotmail.com,44847bb22a494664976ff7e81a5a382f,8
HBECIYU1NHCL0LMP,2007-05-18,Emmy,Maggard,sterling19307@hotmail.com,44847bb22a494664976ff7e81a5a382f,8
DS3MUFANQQQ0E2S0,2000-09-23,Ashli,Lindgren,julissa4098@hotmail.com,6411823ecaeb4c7580c27fabf69e897f,6
DS3MUFANQQQ0E2S0,2000-09-23,Ashli,Lindgren,julissa4098@hotmail.com,6411823ecaeb4c7580c27fabf69e897f,6
DS3MUFANQQQ0E2S0,2000-09-23,Ashli,Lindgren,julissa4098@hotmail.com,6411823ecaeb4c7580c27fabf69e897f,6
DS3MUFANQQQ0E2S0,2000-09-23,Ashli,Lindgren,julissa4098@hotmail.com,6411823ecaeb4c7580c27fabf69e897f,6
BGCVI7TFTJ8BX77P,1993-07-02,Ken,Sewell,madelyn_collette1@hotmail.com,cd7a484aa31d4b50b5049776920ca319,5
D5M1IT76MA0SLXJK,1973-02-22,Norberto,Bader,paulinagodwin-batiste5@memo.com,9994b7c21b9040cd8612f8720b195f26,6
D5M1IT76MA0SLXJK,1973-02-22,Norberto,Bader,paulinagodwin-batiste5@memo.com,9994b7c21b9040cd8612f8720b195f26,6
D5M1IT76MA0SLXJK,1973-02-22,Norberto,Bader,paulinagodwin-batiste5@memo.com,9994b7c21b9040cd8612f8720b195f26,6
D5M1IT76MA0SLXJK,1973-02-22,Norberto,Bader,paulinagodwin-batiste5@memo.com,9994b7c21b9040cd8612f8720b195f26,6
ZFQ3D81ZK190Q2T3,1995-01-20,Breanne,Nevarez,margert-savoy811@hotmail.com,fc85e5e8aa8c4a2aa61f7286d4c284da,2
44GFECXXNF4BLHDQ,1984-06-23,Soon,Knight,kraig.yarborough279@serbia.com,a968016f30fa48929f32e83f1b0f830b,2
QC9Q0VGCM4X7KZPE,1974-12-08,Berneice,Ivy,marianelalarge@infected.com,2b6c73498175438b9abd04720a3ec557,1
JS1FXYIC311OFNHT,1979-01-09,Verdie,Thibodeau,ami_mccreary21@hotmail.com,9b93119e8e06484da3f81f68989a320d,5
2Q2G2TPKGGT6Q8HL,2012-06-29,Ardelle,Hass,loma-gonsalves@safe.com,6d14d2b39ebf4e2798e0e521defed269,9
2Q2G2TPKGGT6Q8HL,2012-06-29,Ardelle,Hass,loma-gonsalves@safe.com,6d14d2b39ebf4e2798e0e521defed269,9
2Q2G2TPKGGT6Q8HL,2012-06-29,Ardelle,Hass,loma-gonsalves@safe.com,6d14d2b39ebf4e2798e0e521defed269,9
2Q2G2TPKGGT6Q8HL,2012-06-29,Ardelle,Hass,loma-gonsalves@safe.com,6d14d2b39ebf4e2798e0e521defed269,9
QQ87QA25T2QJHV4E,2004-08-11,Elisabeth,Rudolph,meri_torrence59@gmail.com,89855aa0205642df8884623700c51de6,7
QQ87QA25T2QJHV4E,2004-08-11,Elisabeth,Rudolph,meri_torrence59@gmail.com,89855aa0205642df8884623700c51de6,7
QQ87QA25T2QJHV4E,2004-08-11,Elisabeth,Rudolph,meri_torrence59@gmail.com,89855aa0205642df8884623700c51de6,7
QQ87QA25T2QJHV4E,2004-08-11,Elisabeth,Rudolph,meri_torrence59@gmail.com,89855aa0205642df8884623700c51de6,7
JH8PCHI5ZZ6SIJ0V,2002-01-01,Magaly,Amaya,lorilee-coburn41@governmental.msk.ru,614b3444ec23430b81532c3aad7fc7b9,5
R6CJKCPO2V4UBFE9,1986-05-22,Kermit,Horton,jenine08878@gmail.com,a1da70e2e51f45099b0414db94f7b059,2
NDVTITQGMBTK9P6D,2017-10-22,Graciela,Burns,tisholivo-oleary@hotmail.com,4633be8b246143b3810c1f358d10d30e,2
GJQF1RX2M7469P22,2009-02-02,Dwayne,Flint,chan222@yahoo.com,1de05313d5184c7687e72e412c41953f,8
GJQF1RX2M7469P22,2009-02-02,Dwayne,Flint,chan222@yahoo.com,1de05313d5184c7687e72e412c41953f,8
GJQF1RX2M7469P22,2009-02-02,Dwayne,Flint,chan222@yahoo.com,1de05313d5184c7687e72e412c41953f,8
GJQF1RX2M7469P22,2009-02-02,Dwayne,Flint,chan222@yahoo.com,1de05313d5184c7687e72e412c41953f,8
QLQGP762CGNPQD86,2020-12-10,Melinda,Tijerina,ernestinaarchuleta@onto.com,a4dd2fc7cbd34437a8bfcb350fb8f1e8,7
QLQGP762CGNPQD86,2020-12-10,Melinda,Tijerina,ernestinaarchuleta@onto.com,a4dd2fc7cbd34437a8bfcb350fb8f1e8,7
QLQGP762CGNPQD86,2020-12-10,Melinda,Tijerina,ernestinaarchuleta@onto.com,a4dd2fc7cbd34437a8bfcb350fb8f1e8,7
QLQGP762CGNPQD86,2020-12-10,Melinda,Tijerina,ernestinaarchuleta@onto.com,a4dd2fc7cbd34437a8bfcb350fb8f1e8,7
7XNQMQOR0ZPEP09P,2002-06-26,Shantel,Velasquez,demetrice983@yahoo.com,c815f47737d6450994d27f6347b7dcfb,5
333NQHYQ1VYESTFU,2023-05-18,Jude,Mccann,yukikoschroeder@unique.com,5e1d95700ef04a28b2d7977ab39385fd,8
333NQHYQ1VYESTFU,2023-05-18,Jude,Mccann,yukikoschroeder@unique.com,5e1d95700ef04a28b2d7977ab39385fd,8
333NQHYQ1VYESTFU,2023-05-18,Jude,Mccann,yukikoschroeder@unique.com,5e1d95700ef04a28b2d7977ab39385fd,8
333NQHYQ1VYESTFU,2023-05-18,Jude,Mccann,yukikoschroeder@unique.com,5e1d95700ef04a28b2d7977ab39385fd,8
TYV5RXA8TCT20TAH,1990-11-13,Krista,Stillwell,marvella-hyde66921@hotmail.com,9aeca4b9e1f946659d86619deefd27fb,2
Q9C89S9ORBD70AKG,2021-03-31,Lourie,Parrish,irving485@wilson.com,2e958905b6304a32879aa0ade73fe039,8
Q9C89S9ORBD70AKG,2021-03-31,Lourie,Parrish,irving485@wilson.com,2e958905b6304a32879aa0ade73fe039,8
Q9C89S9ORBD70AKG,2021-03-31,Lourie,Parrish,irving485@wilson.com,2e958905b6304a32879aa0ade73fe039,8
Q9C89S9ORBD70AKG,2021-03-31,Lourie,Parrish,irving485@wilson.com,2e958905b6304a32879aa0ade73fe039,8
1KOL55XSRSEPRZH6,1971-02-25,Sandee,Gabbard,breann.walters@gmail.com,c58d76db297f4b009b4247919fa828dc,1
DQTRSNUVE6EJT6AJ,2002-12-10,Matilda,Roussel,alisha7343@definitions.com,8d38742e8dec49d8bf1eae759a4e4e9c,1
7Y1QUK5CYSD852EN,2018-06-27,Eleanor,Heaton,wade.armijo40@hotmail.com,5e1a0a32916d4876beaec898f5bb0959,0
SD4BJJPR77HADRVK,1987-12-19,Brice,Wick,myeshaloera663@hotmail.com,9b115105c956415dab3271b73f4569a1,8
SD4BJJPR77HADRVK,1987-12-19,Brice,Wick,myeshaloera663@hotmail.com,9b115105c956415dab3271b73f4569a1,8
SD4BJJPR77HADRVK,1987-12-19,Brice,Wick,myeshaloera663@hotmail.com,9b115105c956415dab3271b73f4569a1,8
SD4BJJPR77HADRVK,1987-12-19,Brice,Wick,myeshaloera663@hotmail.com,9b115105c956415dab3271b73f4569a1,8
6DGZLVU2M37JXPIO,2000-05-30,Joni,Starling,elane.beckman@gmail.com,48aad9af65654fb68cccedf3280df8ac,5
FNGFAAXA97NI9DHA,1999-08-13,Lanie,Donovan,dania-levi24254@yahoo.com,83b11fe16a4d4e3284c127a9d873427b,9
FNGFAAXA97NI9DHA,1999-08-13,Lanie,Donovan,dania-levi24254@yahoo.com,83b11fe16a4d4e3284c127a9d873427b,9
FNGFAAXA97NI9DHA,1999-08-13,Lanie,Donovan,dania-levi24254@yahoo.com,83b11fe16a4d4e3284c127a9d873427b,9
FNGFAAXA97NI9DHA,1999-08-13,Lanie,Donovan,dania-levi24254@yahoo.com,83b11fe16a4d4e3284c127a9d873427b,9
24LIYNHQFM3JVKJU,2010-03-22,Ruthe,Mcalister,antoine17@velocity.sumoto.hyogo.jp,658e292ba6bd4d95ade3d5c2675d286b,5
PE1H1SKFVJ05IRIQ,1992-06-08,Katia,Freund,china.mcmichael@cfr.com,bf8a31e8ebfe4facb2e848ba272ccb8e,7
PE1H1SKFVJ05IRIQ,1992-06-08,Katia,Freund,china.mcmichael@cfr.com,bf8a31e8ebfe4facb2e848ba272ccb8e,7
PE1H1SKFVJ05IRIQ,1992-06-08,Katia,Freund,china.mcmichael@cfr.com,bf8a31e8ebfe4facb2e848ba272ccb8e,7
PE1H1SKFVJ05IRIQ,1992-06-08,Katia,Freund,china.mcmichael@cfr.com,bf8a31e8ebfe4facb2e848ba272ccb8e,7
H3YCF1NQJPMRLIM9,2021-04-27,Stefany,Leblanc,cleta_clemente79@inspections.com,fab33b3905a34fa686a8715e90d7583b,1
G3ZNB32UGK4DMGL9,1973-09-23,Kamilah,Perea,lavera_morrison15@gmail.com,dc4e0e478b054e23943d074ba04b5415,8
G3ZNB32UGK4DMGL9,1973-09-23,Kamilah,Perea,lavera_morrison15@gmail.com,dc4e0e478b054e23943d074ba04b5415,8
G3ZNB32UGK4DMGL9,1973-09-23,Kamilah,Perea,lavera_morrison15@gmail.com,dc4e0e478b054e23943d074ba04b5415,8
G3ZNB32UGK4DMGL9,1973-09-23,Kamilah,Perea,lavera_morrison15@gmail.com,dc4e0e478b054e23943d074ba04b5415,8
